"proj_id","risk_spectrum","spec_code","proj_retail_type"
"M0000_2553","","SPF","R"
"M0001_2558","","FIF,SPF","H"
"M0003_2558","","SPF","H"
"M0003_2563","","","R"
"M0004_2555","","SPF","R"
"M0004_2563","","","R"
"M0005_2560","","","R"
"M0006_2557","","CPF,SPF","R"
"M0006_2560","","","R"
"M0007_2553","","SPF","R"
"M0007_2554","","GF,SNF,SPF","R"
"M0007_2562","RS4","","R"
"M0008_2537","","","R"
"M0008_2553","","SPF","R"
"M0008_2554","","SPF","R"
"M0008_2557","","SPF","R"
"M0008_2562","RS4","","R"
"M0008_2567","","","R"
"M0009_2543","","","R"
"M0009_2557","","FIF,SPF","H"
"M0010_2555","","CPF","R"
"M0010_2563","","","R"
"M0010_2565","","","B"
"M0010_2566","","","R"
"M0012_2559","","FIF,SPF","H"
"M0013_2544","","",""
"M0013_2564","","","H"
"M0014_2536","","","R"
"M0014_2544","","",""
"M0015_2544","","",""
"M0015_2554","","SPF","R"
"M0015_2565","","","B"
"M0016_2544","","",""
"M0016_2549","","",""
"M0016_2556","","CPF","R"
"M0016_2561","RS4","","R"
"M0017_2538","","","R"
"M0017_2539","","","R"
"M0017_2558","","FIF,SPF","R"
"M0017_2562","RS4","","R"
"M0018_2539","","",""
"M0018_2549","","",""
"M0018_2555","","SPF","R"
"M0018_2556","","SPF","R"
"M0019_2553","","FIF","R"
"M0019_2562","RS4","","R"
"M0020_2552","","FIF,SPF","R"
"M0020_2556","","SPF","R"
"M0021_2538","","","R"
"M0021_2556","","FIF,SPF","R"
"M0022_2538","","","R"
"M0022_2558","","FIF,SPF","H"
"M0022_2566","","","B"
"M0023_2538","","","R"
"M0023_2558","","FIF,SPF","H"
"M0023_2563","","","R"
"M0024_2544","","",""
"M0024_2559","","","H"
"M0024_2564","","","H"
"M0026_2560","","","R"
"M0026_2561","RS4","","R"
"M0026_2563","","FED","X"
"M0026_2565","","","B"
"M0027_2535","","","R"
"M0027_2557","","SPF","R"
"M0027_2560","","","R"
"M0027_2561","RS4","","R"
"M0027_2564","","","R"
"M0028_2537","RS6","","R"
"M0028_2557","","FIF,SPF","H"
"M0028_2564","","","R"
"M0029_2547","","",""
"M0029_2553","","SPF","R"
"M0029_2561","RS4","","R"
"M0029_2566","","","R"
"M0029_2567","","","R"
"M0030_2539","","",""
"M0030_2553","","FIF","R"
"M0030_2559","","","R"
"M0030_2561","RS4","","R"
"M0031_2539","","","R"
"M0031_2553","","FIF","R"
"M0032_2539","","","R"
"M0032_2552","","FIF,SPF","R"
"M0032_2553","","FED,FF","R"
"M0032_2559","","","R"
"M0033_2554","","SPF","R"
"M0033_2555","","CPF","R"
"M0034_2555","","SPF","R"
"M0035_2544","","",""
"M0035_2555","","FIF,SPF","R"
"M0036_2536","RS6","","R"
"M0036_2555","","SPF","R"
"M0036_2558","","FIF,SPF","H"
"M0036_2565","","","R"
"M0037_2536","","","R"
"M0037_2554","","SPF","R"
"M0037_2555","","FIF,SPF","R"
"M0037_2557","","SPF","R"
"M0037_2558","","FIF,SPF","R"
"M0038_2536","RS6","","R"
"M0038_2557","","FIF,SPF","H"
"M0038_2559","","","R"
"M0038_2565","","","B"
"M0039_2564","","","H"
"M0040_2563","","","H"
"M0041_2555","","SPF","R"
"M0041_2556","","SPF","R"
"M0042_2556","","FIF,SPF","R"
"M0042_2567","","","R"
"M0043_2556","","SPF","R"
"M0043_2560","","","R"
"M0044_2552","","FIF,SPF","R"
"M0044_2556","","CPF","R"
"M0044_2559","","","H"
"M0044_2560","","","R"
"M0044_2562","RS4","","R"
"M0044_2566","","","B"
"M0045_2551","","","R"
"M0045_2561","","FED","R"
"M0045_2562","RS4","","R"
"M0045_2565","","FED,RMF","R"
"M0046_2551","","","R"
"M0046_2557","","SPF","R"
"M0046_2562","RS4","","R"
"M0047_2567","","","R"
"M0049_2554","","SPF","R"
"M0050_2555","","CPF","R"
"M0050_2559","","","R"
"M0051_2555","","SPF","R"
"M0051_2564","","","H"
"M0051_2565","","","B"
"M0052_2552","","FIF,SPF","R"
"M0052_2561","RS4","","R"
"M0053_2558","","SPF","R"
"M0053_2561","RS4","","R"
"M0053_2565","","","B"
"M0054_2558","","SPF","H"
"M0054_2560","","SSF","R"
"M0054_2561","RS4","","R"
"M0054_2563","","","H"
"M0054_2565","","","B"
"M0055_2560","","","R"
"M0055_2561","RS4","","R"
"M0056_2557","","SPF","R"
"M0056_2560","","","R"
"M0057_2557","","FIF,SPF","H"
"M0058_2566","","","R"
"M0059_2554","","FED","R"
"M0059_2566","","","B"
"M0060_2544","","",""
"M0060_2562","RS4","","R"
"M0061_2544","","RMF","R"
"M0061_2562","RS4","","R"
"M0062_2544","","RMF","R"
"M0062_2562","RS4","","R"
"M0063_2544","","RMF","R"
"M0063_2564","","","H"
"M0064_2544","","RMF","R"
"M0064_2557","","FIF,SPF","H"
"M0064_2559","","FED","R"
"M0065_2544","","RMF","R"
"M0065_2556","","SPF","R"
"M0065_2564","","","R"
"M0066_2552","","FIF,SPF","R"
"M0066_2555","","CPF","R"
"M0066_2556","","CPF","R"
"M0066_2560","","FED","R"
"M0066_2563","","","H"
"M0067_2564","","","R"
"M0067_2565","","","B"
"M0068_2556","","SPF","R"
"M0068_2558","","FIF,SPF","H"
"M0068_2559","","SPF","H"
"M0069_2545","","",""
"M0069_2548","","",""
"M0069_2551","","","R"
"M0069_2559","","SPF","R"
"M0070_2548","","",""
"M0070_2557","","FED","R"
"M0070_2558","","SPF","R"
"M0070_2565","","","B"
"M0071_2558","","FIF,SPF","H"
"M0072_2549","","",""
"M0072_2557","","SPF","R"
"M0072_2560","","","R"
"M0073_2548","","",""
"M0073_2557","","FIF,SPF","H"
"M0073_2560","","","R"
"M0073_2566","","","R"
"M0074_2553","","SPF","R"
"M0074_2557","","FIF,SPF","H"
"M0074_2558","","FED,IND","R"
"M0074_2559","","SPF","R"
"M0074_2561","RS4","","R"
"M0075_2547","","",""
"M0075_2555","","FIF,SPF","R"
"M0075_2561","RS4","","R"
"M0076_2555","","FIF,SPF","R"
"M0077_2562","RS4","","R"
"M0077_2564","","FED","R"
"M0078_2548","","",""
"M0078_2552","","SPF","R"
"M0078_2562","RS4","","R"
"M0079_2552","","SPF","R"
"M0079_2560","","","R"
"M0079_2562","RS4","","R"
"M0080_2545","","FED","R"
"M0081_2554","","SPF","R"
"M0081_2556","","SPF","R"
"M0082_2556","","FIF,SPF","R"
"M0082_2565","","","B"
"M0083_2563","","","H"
"M0084_2549","","",""
"M0084_2556","","CPF","R"
"M0085_2549","","",""
"M0085_2556","","SPF","R"
"M0085_2564","","","H"
"M0087_2559","","SPF","R"
"M0087_2562","","","A"
"M0087_2566","","","B"
"M0088_2555","","CPF","R"
"M0088_2558","","SPF","R"
"M0088_2560","","","R"
"M0089_2558","","SPF","H"
"M0089_2559","","SPF","H"
"M0089_2560","","","R"
"M0089_2565","","","B"
"M0090_2555","","SPF","R"
"M0091_2555","","FIF,SPF","R"
"M0091_2563","","","H"
"M0092_2562","RS4","","R"
"M0092_2564","","","H"
"M0093_2552","","FIF,SPF","R"
"M0093_2557","","FIF","R"
"M0093_2562","RS4","","R"
"M0093_2567","","","R"
"M0094_2552","","FIF,SPF","R"
"M0094_2562","RS4","","R"
"M0095_2554","","SPF","R"
"M0095_2565","","","B"
"M0096_2557","","FIF,SPF","H"
"M0096_2563","","FED","X"
"M0096_2565","","","B"
"M0097_2553","","FIF","R"
"M0097_2555","","FIF,SPF","R"
"M0097_2559","","SPF","R"
"M0098_2560","","","R"
"M0099_2561","RS4","","R"
"M0100_2564","","","R"
"M0101_2551","","FIF,SPF","R"
"M0101_2552","","FIF,SPF","R"
"M0101_2560","","","R"
"M0101_2562","RS4","","R"
"M0101_2564","","","R"
"M0102_2541","","",""
"M0102_2557","","FIF,SPF","H"
"M0102_2560","","","R"
"M0102_2562","RS4","","R"
"M0102_2564","","","R"
"M0103_2545","","",""
"M0103_2555","","FIF,SPF","R"
"M0103_2562","RS4","","R"
"M0103_2564","","","R"
"M0104_2545","","",""
"M0104_2561","RS4","","R"
"M0105_2557","","CPF,SPF","R"
"M0105_2565","","","B"
"M0106_2553","","FIF","R"
"M0106_2555","","FIF,SPF","R"
"M0106_2556","","SPF","R"
"M0106_2563","","","H"
"M0107_2549","","",""
"M0107_2553","","FIF","R"
"M0107_2556","","CPF","R"
"M0107_2557","","SPF","R"
"M0107_2558","","SPF","H"
"M0107_2566","","","R"
"M0108_2549","","",""
"M0108_2553","","FIF","R"
"M0108_2555","","CPF","R"
"M0108_2556","","FIF,SPF","R"
"M0108_2558","","SPF","R"
"M0109_2549","","",""
"M0109_2553","","FIF","R"
"M0109_2556","","SPF","R"
"M0109_2558","","FIF,SPF","H"
"M0109_2561","","","X"
"M0110_2549","","",""
"M0110_2553","","FIF","R"
"M0111_2552","","FIF,SPF","R"
"M0111_2553","","FIF","R"
"M0114_2560","","","R"
"M0115_2547","","",""
"M0115_2559","","SPF","R"
"M0115_2560","","","R"
"M0115_2561","RS4","","R"
"M0115_2564","","","H"
"M0116_2555","","FIF,SPF","R"
"M0116_2558","","FIF,SPF","H"
"M0116_2565","","","B"
"M0117_2542","","",""
"M0117_2560","","","R"
"M0118_2542","","",""
"M0118_2550","","","R"
"M0118_2554","","SPF","R"
"M0118_2561","","","R"
"M0118_2565","","","B"
"M0118_2566","","","R"
"M0120_2542","","",""
"M0120_2555","","FIF,SPF","R"
"M0120_2562","","","X"
"M0121_2542","","",""
"M0121_2553","","SPF","R"
"M0121_2563","","","H"
"M0122_2542","","",""
"M0122_2553","","SPF","R"
"M0122_2562","RS4","","R"
"M0122_2563","","","H"
"M0123_2542","","",""
"M0123_2562","RS4","","R"
"M0124_2562","RS4","","R"
"M0125_2558","","SPF","H"
"M0125_2559","","SPF","R"
"M0126_2565","","","B"
"M0127_2549","","",""
"M0127_2552","","FIF,SPF","R"
"M0127_2555","","CPF","R"
"M0127_2556","","CPF","R"
"M0127_2558","","FIF,SPF","H"
"M0128_2545","","S0",""
"M0128_2556","","SPF","R"
"M0128_2557","","CPF,SPF","R"
"M0128_2558","","SPF","H"
"M0129_2550","","","R"
"M0129_2554","","SPF","R"
"M0129_2555","","SPF","R"
"M0129_2556","","SPF","R"
"M0129_2557","","SPF","R"
"M0129_2565","","","B"
"M0129_2566","","","R"
"M0130_2545","","","N"
"M0130_2554","","SPF","R"
"M0130_2556","","FIF,SPF","R"
"M0130_2557","","FIF,SPF","H"
"M0130_2560","","","R"
"M0130_2565","","","B"
"M0131_2545","","",""
"M0131_2552","","FIF,SPF","R"
"M0131_2557","","FIF,SPF","H"
"M0131_2562","","FED,SSF","R"
"M0132_2560","","","R"
"M0133_2551","","FIF,SPF","R"
"M0133_2560","","","R"
"M0134_2545","","","N"
"M0134_2562","RS4","","R"
"M0135_2542","","",""
"M0135_2545","","","N"
"M0135_2561","RS4","","R"
"M0135_2562","RS4","","R"
"M0136_2562","RS4","","R"
"M0137_2555","","FIF,SPF","R"
"M0137_2559","","SPF","R"
"M0138_2559","","SPF","H"
"M0139_2561","RS4","","R"
"M0140_2549","","",""
"M0140_2552","","FIF,SPF","R"
"M0140_2558","","SE","R"
"M0140_2563","","","H"
"M0141_2552","","FIF,SPF","R"
"M0141_2558","","SPF","R"
"M0141_2564","","","H"
"M0141_2566","","","R"
"M0142_2556","","CPF","R"
"M0143_2558","","SPF","H"
"M0143_2566","","","R"
"M0144_2549","","","R"
"M0144_2554","","SPF","R"
"M0144_2558","","SPF","H"
"M0144_2564","","FED","X"
"M0145_2549","","ETF,IND","R"
"M0145_2554","","SPF","R"
"M0145_2563","","","H"
"M0147_2551","","FIF,SPF","R"
"M0147_2557","","SPF","R"
"M0147_2564","","FED","X"
"M0148_2565","","","B"
"M0149_2555","","CPF","R"
"M0149_2557","","CPF,SPF","R"
"M0150_2555","","SPF","R"
"M0150_2557","","SPF","R"
"M0150_2560","","","R"
"M0151_2557","","FIF,SPF","H"
"M0151_2560","","","R"
"M0152_2554","","SPF","R"
"M0152_2560","","","R"
"M0153_2557","","FIF","R"
"M0153_2559","","SPF","R"
"M0153_2561","RS4","","R"
"M0154_2541","","","R"
"M0154_2552","","FIF,SPF","R"
"M0154_2559","","SPF","H"
"M0155_2552","","FIF,SPF","R"
"M0155_2553","","FIF","R"
"M0156_2553","","FIF,SPF","R"
"M0156_2562","RS4","","R"
"M0156_2563","","","H"
"M0156_2565","","","B"
"M0157_2555","","FIF,SPF","R"
"M0157_2562","RS4","","R"
"M0158_2562","RS4","","R"
"M0159_2549","","SSF","R"
"M0159_2551","","FIF,SPF","R"
"M0159_2555","","FED,SSF","R"
"M0160_2551","","FIF,SPF","R"
"M0161_2556","","FIF,SPF","R"
"M0161_2557","","FIF,SPF","H"
"M0161_2561","RS4","","R"
"M0161_2563","","SSF","R"
"M0162_2556","","FIF,SPF","R"
"M0162_2558","","FIF,SPF","H"
"M0162_2561","RS4","","R"
"M0163_2565","","","B"
"M0164_2557","","FIF","R"
"M0164_2559","","SPF","H"
"M0165_2559","","SPF","R"
"M0165_2565","","","B"
"M0166_2552","","SPF","R"
"M0166_2554","","FIF,SPF","R"
"M0166_2564","","","H"
"M0168_2554","","FIF","R"
"M0168_2558","","SPF","R"
"M0169_2558","","SPF","H"
"M0169_2560","","","R"
"M0169_2566","","","R"
"M0170_2556","","SPF","R"
"M0170_2558","","SPF","H"
"M0170_2560","","","R"
"M0171_2551","","FIF,SPF","R"
"M0171_2555","","SPF","R"
"M0171_2556","","SPF","R"
"M0171_2557","","FIF,SPF","R"
"M0171_2561","RS4","","R"
"M0172_2555","","FIF,SPF","R"
"M0172_2561","RS4","","R"
"M0173_2555","","CPF","R"
"M0173_2556","","FIF","R"
"M0173_2562","RS4","","R"
"M0174_2551","","FIF,SPF","R"
"M0174_2562","RS4","","R"
"M0174_2566","","","R"
"M0175_2549","","","R"
"M0175_2562","RS4","","R"
"M0176_2551","","FIF,SPF","R"
"M0176_2554","","SPF","R"
"M0177_2542","","",""
"M0177_2554","","SPF","R"
"M0177_2563","","","H"
"M0177_2566","","","R"
"M0178_2549","","","R"
"M0178_2561","RS4","","R"
"M0178_2566","","","B"
"M0179_2549","","","R"
"M0179_2561","RS4","","R"
"M0179_2565","","","B"
"M0180_2549","","","R"
"M0180_2552","","FIF,SPF","R"
"M0180_2557","","CPF,SPF","R"
"M0180_2559","","SPF","H"
"M0181_2557","","FIF,SPF","R"
"M0181_2562","RS4","","A"
"M0182_2557","","FIF,SPF","H"
"M0184_2553","","SPF","R"
"M0185_2553","","FIF","R"
"M0185_2556","","SPF","R"
"M0185_2564","","","R"
"M0186_2553","","FIF","R"
"M0186_2555","","CPF","R"
"M0186_2556","","SPF","R"
"M0186_2564","","","R"
"M0187_2553","","FIF","R"
"M0187_2562","RS4","","R"
"M0188_2553","","FIF","R"
"M0188_2554","","SPF","R"
"M0188_2556","","CPF","R"
"M0188_2558","","FIF,SPF","H"
"M0188_2559","","SPF","H"
"M0188_2562","RS4","","R"
"M0188_2564","","","H"
"M0189_2556","","FIF,SPF","R"
"M0189_2558","","FIF,SPF","H"
"M0189_2559","","SPF","H"
"M0189_2562","RS4","","R"
"M0190_2560","","","R"
"M0190_2561","RS4","","R"
"M0190_2564","","","H"
"M0190_2565","","","B"
"M0191_2545","","SPF","R"
"M0191_2558","","FIF,SPF","R"
"M0191_2560","","","R"
"M0191_2561","RS4","","R"
"M0192_2555","","FIF,SPF","R"
"M0192_2558","","FIF,SPF","H"
"M0192_2559","","FED,RMF","R"
"M0193_2553","","FIF","R"
"M0193_2555","","FIF,SPF","R"
"M0193_2558","","CPF,SPF","R"
"M0194_2542","","",""
"M0194_2559","","SPF","H"
"M0194_2562","RS4","","R"
"M0194_2566","","","B"
"M0196_2557","","SPF","R"
"M0196_2561","RS4","","R"
"M0197_2557","","FIF,SPF","R"
"M0198_2557","","FIF,SPF","H"
"M0198_2561","RS4","","R"
"M0199_2551","","FIF,SPF","R"
"M0200_2551","","FIF,SPF","R"
"M0200_2554","","SPF","R"
"M0200_2555","","FIF,SPF","R"
"M0201_2549","","",""
"M0201_2551","","FIF,SPF","R"
"M0201_2565","","","B"
"M0202_2549","","","R"
"M0202_2550","","",""
"M0202_2551","","FIF,SPF","R"
"M0202_2553","","FIF","R"
"M0202_2563","","","H"
"M0203_2549","","","R"
"M0203_2551","","FIF,SPF","R"
"M0203_2553","","SPF","R"
"M0204_2549","","FF","R"
"M0204_2551","","FIF,SPF","R"
"M0205_2549","","",""
"M0205_2559","","SPF","H"
"M0205_2560","","","R"
"M0205_2562","RS4","","R"
"M0206_2553","","SPF","R"
"M0206_2560","","","R"
"M0206_2564","","","H"
"M0207_2548","","",""
"M0207_2552","","FIF,SPF","R"
"M0207_2554","","SPF","R"
"M0208_2548","","",""
"M0208_2550","","","R"
"M0208_2556","","FED","R"
"M0209_2548","","IND","R"
"M0209_2550","","","R"
"M0209_2558","","CPF,SPF","R"
"M0210_2550","","","R"
"M0210_2558","","FIF,SPF","H"
"M0211_2550","","","R"
"M0211_2556","","SPF","R"
"M0211_2558","","FIF,SPF","H"
"M0212_2550","","LTF","R"
"M0212_2556","","FIF,SPF","R"
"M0212_2566","","FED","X"
"M0213_2550","","",""
"M0213_2554","","SPF","R"
"M0213_2556","","CPF","R"
"M0213_2562","RS4","","R"
"M0213_2563","","","H"
"M0214_2550","","",""
"M0214_2556","","SPF","R"
"M0214_2563","","","R"
"M0215_2550","","",""
"M0215_2553","","FIF","R"
"M0215_2562","RS4","","R"
"M0215_2565","","","B"
"M0216_2550","","","R"
"M0216_2553","","","R"
"M0216_2557","","SPF","R"
"M0216_2559","","SPF","H"
"M0216_2561","RS4","","R"
"M0216_2562","RS4","","R"
"M0217_2549","","","R"
"M0217_2553","","FIF","R"
"M0217_2557","","FIF,SPF","R"
"M0217_2558","","FED,SSF","R"
"M0217_2559","","SPF","H"
"M0217_2560","","","R"
"M0217_2561","RS4","","R"
"M0218_2549","","","R"
"M0218_2553","","FIF","R"
"M0218_2557","","FIF,SPF","H"
"M0218_2560","","","R"
"M0219_2549","","","R"
"M0219_2553","","FIF","R"
"M0219_2555","","FIF,SPF","R"
"M0219_2557","","FIF,SPF","H"
"M0220_2549","","","R"
"M0220_2553","","FIF","R"
"M0220_2555","","CPF","R"
"M0221_2562","","","R"
"M0221_2563","","","H"
"M0222_2562","","","R"
"M0223_2549","","",""
"M0223_2554","","SPF","R"
"M0224_2560","","","R"
"M0226_2560","","","R"
"M0227_2551","","FIF,SPF","R"
"M0227_2561","RS4","","R"
"M0227_2566","","","R"
"M0228_2561","RS4","","R"
"M0228_2566","","","R"
"M0229_2546","","",""
"M0229_2553","","FIF","R"
"M0229_2562","RS4","","R"
"M0229_2563","","","R"
"M0230_2553","","FIF","R"
"M0230_2557","","SPF","R"
"M0230_2558","","","R"
"M0230_2562","","","R"
"M0230_2563","","","H"
"M0231_2553","","FIF","R"
"M0231_2557","","FIF,SPF","H"
"M0231_2558","","FIF,SPF","H"
"M0231_2562","","","R"
"M0232_2557","","FIF,SPF","R"
"M0232_2559","","SPF","H"
"M0233_2557","","FIF,SPF","H"
"M0233_2558","","FIF,SPF","R"
"M0233_2559","","SPF","H"
"M0233_2565","","","B"
"M0234_2557","","FIF,SPF","H"
"M0234_2558","","FIF,SPF","H"
"M0234_2560","","","R"
"M0235_2553","","","R"
"M0235_2555","","FIF,SPF","R"
"M0235_2556","","SPF","R"
"M0235_2558","","FIF,SPF","H"
"M0235_2560","","","R"
"M0235_2561","RS4","","R"
"M0236_2553","","FIF","R"
"M0236_2555","","FIF,SPF","R"
"M0236_2556","","CPF","R"
"M0236_2558","","FIF,SPF","H"
"M0236_2561","RS4","","R"
"M0237_2552","","FED","R"
"M0237_2555","","CPF","R"
"M0237_2556","","SPF","R"
"M0238_2551","","FIF,SPF","R"
"M0238_2555","","SPF","R"
"M0238_2556","","FIF,SPF","R"
"M0238_2561","","","A"
"M0238_2563","","","R"
"M0239_2551","","FIF,SPF","R"
"M0239_2563","","","H"
"M0240_2551","","FIF,SPF","R"
"M0240_2554","","SPF","R"
"M0240_2566","","","R"
"M0243_2554","","SPF","R"
"M0244_2553","","FIF","R"
"M0244_2555","","SPF","R"
"M0246_2552","","FIF,SPF","R"
"M0246_2560","","","R"
"M0247_2560","","","R"
"M0248_2552","","FIF,SPF","R"
"M0248_2564","","","H"
"M0249_2552","","FIF,SPF","R"
"M0249_2555","","CPF","R"
"M0250_2552","","FIF,SPF","R"
"M0250_2555","","FIF,SPF","R"
"M0250_2558","","SE","R"
"M0250_2559","","SPF","H"
"M0250_2566","","","R"
"M0251_2554","","SPF","R"
"M0251_2555","","FIF,SPF","R"
"M0251_2556","","SPF","R"
"M0251_2558","","FIF,SPF","R"
"M0251_2559","","SPF","H"
"M0251_2561","RS4","","R"
"M0252_2553","","","R"
"M0252_2554","","SPF","R"
"M0252_2556","","SPF","R"
"M0252_2558","","FIF,SPF","H"
"M0252_2561","RS4","","R"
"M0252_2563","","","R"
"M0252_2564","","","R"
"M0253_2549","","","R"
"M0253_2553","","FIF","R"
"M0253_2558","","FED,IND","R"
"M0253_2564","","","R"
"M0254_2549","","","R"
"M0254_2550","","LTF","R"
"M0254_2562","RS4","","R"
"M0255_2549","","","R"
"M0255_2556","","CPF","R"
"M0255_2562","","","R"
"M0255_2563","","FED","R"
"M0256_2556","","FIF,SPF","R"
"M0256_2560","","","R"
"M0256_2562","","","R"
"M0256_2564","","FED","R"
"M0257_2557","","FIF,SPF","H"
"M0257_2560","","","R"
"M0257_2563","","","R"
"M0257_2564","","FED","R"
"M0258_2552","","FIF,SPF","R"
"M0258_2557","","FIF,SPF","R"
"M0259_2552","","FIF,SPF","R"
"M0260_2559","","SPF","H"
"M0260_2560","","","H"
"M0261_2550","","",""
"M0261_2559","","SPF","H"
"M0261_2563","","","R"
"M0262_2550","","LTF","R"
"M0262_2559","","SPF","R"
"M0262_2561","RS4","","R"
"M0262_2563","","","R"
"M0263_2551","RS4","","N"
"M0263_2559","","SPF","H"
"M0263_2561","RS4","","R"
"M0263_2563","","","R"
"M0264_2551","","FIF","R"
"M0264_2563","","","R"
"M0265_2547","","LTF","R"
"M0265_2563","","","R"
"M0265_2565","","","B"
"M0266_2554","","SPF","R"
"M0266_2563","","","R"
"M0267_2549","","","R"
"M0267_2552","","FIF,SPF","R"
"M0267_2554","","SPF","R"
"M0267_2555","","CPF","R"
"M0267_2558","","SPF","R"
"M0267_2560","","","R"
"M0267_2563","","","R"
"M0268_2552","","FIF,SPF","R"
"M0268_2560","","","R"
"M0268_2563","","","R"
"M0270_2552","","FIF,SPF","R"
"M0271_2552","","FIF,SPF","R"
"M0271_2555","","FIF,SPF","R"
"M0271_2556","","SPF","R"
"M0271_2563","","","H"
"M0272_2552","","FIF,SPF","R"
"M0272_2553","","FIF,SPF","R"
"M0272_2558","","FIF,SPF","H"
"M0273_2557","","FIF,SPF","R"
"M0273_2558","","FIF,SPF","H"
"M0273_2562","RS4","","R"
"M0274_2557","","FIF,SPF","H"
"M0274_2558","","FIF,SPF","H"
"M0274_2560","","FF","R"
"M0274_2562","RS4","","R"
"M0275_2554","","SPF","R"
"M0275_2557","","FIF,SPF","H"
"M0275_2559","","SPF","H"
"M0275_2562","RS4","","R"
"M0277_2561","RS4","","R"
"M0277_2566","","","R"
"M0278_2561","RS4","","R"
"M0278_2562","","FED","X"
"M0278_2563","","","R"
"M0278_2564","","CIV,FF","R"
"M0279_2550","","","R"
"M0279_2557","","","R"
"M0279_2560","","FF","R"
"M0279_2563","","","R"
"M0279_2564","","CIV,FF","R"
"M0280_2547","","",""
"M0280_2557","","FIF,SPF","H"
"M0280_2561","","","R"
"M0280_2563","","","R"
"M0280_2564","","CIV,FF","R"
"M0281_2557","","FIF,SPF","R"
"M0281_2560","","FF","R"
"M0281_2563","","","H"
"M0281_2564","","CIV,FF","R"
"M0282_2557","","FIF,SPF","H"
"M0282_2560","","FF","R"
"M0282_2564","","CIV,FF","R"
"M0283_2555","","CPF","R"
"M0283_2557","","FIF,SPF","H"
"M0283_2558","","FIF","R"
"M0284_2558","","FIF","R"
"M0284_2562","RS4","","A"
"M0285_2558","","FIF","R"
"M0286_2554","","SPF","R"
"M0286_2555","","FIF,SPF","R"
"M0286_2558","","FIF","R"
"M0287_2558","","FIF","R"
"M0288_2555","","SPF","R"
"M0288_2558","","FIF","R"
"M0288_2559","","SPF","H"
"M0288_2563","","","H"
"M0289_2553","","FIF","R"
"M0289_2556","","","R"
"M0289_2565","","","B"
"M0290_2553","","","R"
"M0291_2553","","","R"
"M0291_2560","","","R"
"M0291_2566","","","B"
"M0292_2553","","","R"
"M0292_2557","","FIF,SPF","R"
"M0292_2560","","","R"
"M0293_2552","","FIF,SPF","R"
"M0293_2553","","","R"
"M0293_2557","","FIF,SPF","H"
"M0293_2562","RS4","","R"
"M0294_2552","","FIF,SPF","R"
"M0294_2558","","FIF,SPF","H"
"M0294_2562","RS4","","R"
"M0295_2549","","","R"
"M0295_2557","","FIF,SPF","H"
"M0295_2558","","FIF,SPF","H"
"M0295_2566","","","R"
"M0296_2549","","","R"
"M0296_2557","","FIF,SPF","H"
"M0296_2558","","FIF,SPF","H"
"M0296_2561","RS4","","R"
"M0296_2562","RS4","","R"
"M0297_2561","RS4","","R"
"M0299_2552","","FIF,SPF","R"
"M0300_2554","","SPF","R"
"M0300_2556","","CPF","R"
"M0300_2561","","","R"
"M0301_2553","","FIF","R"
"M0301_2555","","CPF","R"
"M0301_2556","","FIF,SPF","R"
"M0302_2553","","FIF","R"
"M0302_2554","","FIF,SPF","R"
"M0302_2555","","SPF","R"
"M0302_2563","","","H"
"M0303_2553","","FIF,SPF","R"
"M0303_2560","","","R"
"M0304_2558","","FF","R"
"M0304_2560","","","R"
"M0305_2552","","FIF,SPF","R"
"M0305_2559","","SPF","H"
"M0305_2561","RS4","","R"
"M0306_2555","","FIF,SPF","R"
"M0306_2559","","SPF","H"
"M0306_2561","RS4","","R"
"M0307_2554","","SPF","R"
"M0307_2557","","FIF,SPF","R"
"M0307_2564","","","B"
"M0308_2557","","FIF,SPF","H"
"M0308_2558","","FIF,SPF","H"
"M0308_2565","","","B"
"M0308_2566","","","R"
"M0309_2557","","FIF,SPF","H"
"M0310_2557","","FIF,SPF","H"
"M0311_2554","","SPF","R"
"M0312_2556","","CPF","R"
"M0312_2563","","","H"
"M0313_2556","","FIF,SPF","R"
"M0313_2562","RS4","","R"
"M0314_2556","","SPF","R"
"M0314_2562","RS4","","R"
"M0315_2547","","LTF","R"
"M0315_2554","","FIF,SPF","R"
"M0315_2556","","SPF","R"
"M0315_2562","RS4","","R"
"M0316_2559","","SPF","H"
"M0316_2560","","","R"
"M0317_2560","","","R"
"M0317_2561","","FED","R"
"M0318_2558","","FIF,SPF","H"
"M0318_2559","","SPF","H"
"M0318_2561","RS4","","R"
"M0318_2564","","","B"
"M0319_2558","","FIF,SPF","H"
"M0319_2559","","SPF","R"
"M0319_2561","RS4","","R"
"M0320_2562","RS4","","A"
"M0320_2563","","","H"
"M0322_2555","","CPF","R"
"M0323_2556","","CPF","R"
"M0324_2554","","SPF","R"
"M0324_2555","","FIF,SPF","R"
"M0324_2556","","SPF","R"
"M0324_2557","","FIF,SPF","H"
"M0325_2555","","FIF,SPF","R"
"M0325_2556","","SPF","R"
"M0325_2557","","CPF,SPF","R"
"M0325_2558","","SPF","R"
"M0326_2549","","",""
"M0326_2554","","SPF","R"
"M0326_2556","","FIF,SPF","R"
"M0326_2557","","FIF,SPF","R"
"M0326_2566","","","R"
"M0327_2549","","","R"
"M0327_2556","","FED","R"
"M0327_2557","","FIF,SPF","H"
"M0327_2564","","","B"
"M0328_2552","","FIF,SPF","R"
"M0328_2557","","SPF","R"
"M0328_2563","","","H"
"M0329_2552","","FIF,SPF","R"
"M0330_2552","","FIF,SPF","R"
"M0331_2558","","FIF,SPF","H"
"M0331_2562","RS4","","R"
"M0332_2552","","FIF","R"
"M0332_2556","","SPF","R"
"M0332_2562","RS4","","R"
"M0333_2552","","FIF","R"
"M0333_2556","","SPF","R"
"M0333_2561","RS4","","R"
"M0333_2562","RS4","","R"
"M0334_2552","","FIF","R"
"M0334_2555","","FIF,SPF","R"
"M0334_2559","","SPF","H"
"M0334_2561","RS4","","R"
"M0335_2555","","FIF,SPF","R"
"M0335_2556","","CPF","R"
"M0335_2559","","SPF","H"
"M0335_2564","","","B"
"M0336_2549","","",""
"M0336_2550","","",""
"M0336_2556","","SPF","R"
"M0336_2557","","FIF,SPF","H"
"M0336_2560","","","R"
"M0336_2565","","","B"
"M0337_2549","","",""
"M0337_2550","","MM","R"
"M0337_2560","","","R"
"M0338_2549","","","R"
"M0338_2555","","CPF","R"
"M0338_2556","","SPF","R"
"M0339_2549","","","R"
"M0339_2556","","FIF,SPF","R"
"M0340_2551","","FIF,SPF","R"
"M0340_2561","RS4","","R"
"M0340_2564","","","B"
"M0341_2551","","FIF,SPF","R"
"M0341_2561","RS4","","R"
"M0341_2563","","","H"
"M0341_2564","","","B"
"M0341_2566","","","R"
"M0342_2554","","FIF,SPF","R"
"M0342_2561","RS4","","R"
"M0343_2553","","","R"
"M0344_2554","","SPF","R"
"M0345_2562","","FED","R"
"M0345_2565","","","B"
"M0346_2558","","FIF,SPF","H"
"M0346_2563","","","R"
"M0346_2564","","","B"
"M0347_2553","","","R"
"M0347_2559","","SPF","H"
"M0347_2563","","","R"
"M0348_2559","","SPF","H"
"M0348_2560","","","R"
"M0349_2557","","CPF,SPF","R"
"M0349_2560","","","R"
"M0349_2563","","","H"
"M0350_2557","","FIF,SPF","R"
"M0350_2563","","CIV,FF","R"
"M0351_2553","","FIF","R"
"M0351_2557","","FIF,SPF","H"
"M0351_2562","RS4","","R"
"M0352_2557","","SPF","H"
"M0352_2562","RS4","","R"
"M0352_2564","","FED","R"
"M0353_2553","","FIF","R"
"M0353_2561","RS4","","R"
"M0353_2562","RS4","","R"
"M0354_2561","RS4","","R"
"M0356_2560","","","H"
"M0357_2552","","FIF","R"
"M0357_2555","","FIF,SPF","R"
"M0357_2560","","","R"
"M0357_2564","","","B"
"M0358_2553","","FIF","R"
"M0358_2555","","FIF,SPF","R"
"M0358_2559","","SPF","H"
"M0358_2560","","","R"
"M0359_2546","","",""
"M0359_2555","","SPF","R"
"M0361_2551","","FED","R"
"M0361_2555","","CPF","R"
"M0361_2556","","CPF","R"
"M0361_2558","","FIF,SPF","H"
"M0361_2561","RS4","","R"
"M0362_2552","","FIF","R"
"M0362_2553","","FIF","R"
"M0362_2554","","FIF,SPF","R"
"M0362_2556","","SPF","R"
"M0362_2561","RS4","","R"
"M0362_2562","RS4","","R"
"M0363_2547","","",""
"M0363_2561","RS4","","R"
"M0363_2562","RS4","","R"
"M0363_2563","","","H"
"M0364_2556","","FIF,SPF","R"
"M0364_2562","RS4","","R"
"M0365_2556","","FIF,SPF","R"
"M0365_2559","","SPF","H"
"M0365_2560","","","R"
"M0365_2566","","","B"
"M0366_2554","","SPF","R"
"M0366_2559","","SPF","H"
"M0366_2560","","","R"
"M0367_2559","","SPF","R"
"M0369_2555","","FED","R"
"M0369_2556","","CPF","R"
"M0369_2563","","","H"
"M0370_2557","","SPF","R"
"M0370_2565","","","R"
"M0371_2557","","SPF","H"
"M0372_2553","","FIF","R"
"M0372_2557","","FIF,SPF","H"
"M0372_2561","RS4","","R"
"M0372_2564","","","B"
"M0373_2553","","FIF","R"
"M0373_2557","","FIF,SPF","H"
"M0373_2558","","SE","R"
"M0373_2561","RS4","","R"
"M0374_2556","","CPF","R"
"M0375_2556","","SPF","R"
"M0375_2558","","FIF,SPF","H"
"M0376_2556","","SPF","R"
"M0376_2565","","","H"
"M0377_2555","","SPF","R"
"M0377_2556","","SSF","R"
"M0377_2563","","","H"
"M0378_2555","","FIF,SPF","R"
"M0378_2556","","FIF,SPF","R"
"M0380_2553","","FIF,SPF","R"
"M0380_2554","","SPF","R"
"M0380_2555","","CPF","R"
"M0381_2559","","SPF","H"
"M0381_2563","","FED","R"
"M0382_2553","","FIF","R"
"M0382_2554","","SPF","R"
"M0382_2562","","","X"
"M0383_2559","","SPF","H"
"M0383_2561","RS4","","R"
"M0383_2566","","","R"
"M0384_2553","","FIF,SPF","R"
"M0384_2561","RS4","","R"
"M0384_2562","RS4","","R"
"M0384_2563","","","H"
"M0385_2545","","",""
"M0385_2555","","CPF","R"
"M0385_2558","","FIF,SPF","H"
"M0385_2562","RS4","","R"
"M0386_2562","RS4","","R"
"M0387_2553","","","R"
"M0387_2555","","FIF,SPF","R"
"M0388_2555","","FIF,SPF","R"
"M0388_2557","","SPF","H"
"M0388_2559","","SPF","H"
"M0389_2545","","",""
"M0389_2552","","FIF","R"
"M0389_2559","","SPF","H"
"M0389_2565","","","R"
"M0390_2552","","FIF","R"
"M0390_2557","","FIF,SPF","H"
"M0390_2566","","","R"
"M0391_2552","","FIF","R"
"M0391_2557","","FIF,SPF","R"
"M0391_2562","","","R"
"M0391_2563","","","H"
"M0392_2552","","FIF,SPF","R"
"M0392_2555","","SPF","R"
"M0392_2556","","CPF","R"
"M0393_2551","","FED","R"
"M0393_2556","","FIF,SPF","R"
"M0393_2564","","FED","X"
"M0394_2550","","FIF,SPF","R"
"M0394_2556","","SPF","R"
"M0394_2560","RS4","","R"
"M0395_2545","","",""
"M0395_2550","","FIF","R"
"M0395_2556","","SPF","R"
"M0395_2561","RS4","","R"
"M0396_2558","","FIF,SPF","H"
"M0396_2561","RS4","","R"
"M0396_2563","","","R"
"M0397_2563","","","R"
"M0397_2564","","","B"
"M0397_2566","","FF","X"
"M0398_2546","","",""
"M0398_2566","","FF","X"
"M0399_2545","","",""
"M0399_2552","","FIF","R"
"M0399_2561","RS4","","R"
"M0399_2563","","","R"
"M0399_2565","","","B"
"M0399_2566","","","B"
"M0400_2551","","FIF,SPF","R"
"M0400_2552","","FIF,SPF","R"
"M0400_2559","","SPF","R"
"M0400_2560","RS4","","R"
"M0400_2561","RS4","","R"
"M0400_2563","","","R"
"M0401_2559","","SPF","R"
"M0402_2558","","FIF","R"
"M0402_2559","","","R"
"M0403_2550","","FIF,SPF","R"
"M0405_2549","","RMF","R"
"M0405_2553","","FIF","R"
"M0405_2556","","CPF","R"
"M0405_2558","","FIF","R"
"M0405_2564","","FED","X"
"M0406_2549","","",""
"M0406_2550","","FIF,SPF","R"
"M0406_2556","","SPF","R"
"M0406_2558","","FIF","R"
"M0406_2563","","","H"
"M0407_2556","","SPF","R"
"M0407_2561","RS4","","R"
"M0408_2556","","FIF,SPF","R"
"M0408_2561","RS4","","R"
"M0408_2564","","","B"
"M0409_2553","","FIF","R"
"M0409_2556","","SPF","R"
"M0409_2557","","CPF,SPF","R"
"M0409_2561","RS4","","R"
"M0410_2557","","SPF","H"
"M0410_2558","","FED,RMF","R"
"M0410_2562","RS4","","R"
"M0411_2556","","SPF","R"
"M0411_2562","RS4","","R"
"M0412_2554","","SPF","R"
"M0412_2556","","SPF","R"
"M0412_2557","","FIF,SPF","H"
"M0412_2560","RS4","","R"
"M0413_2550","","FIF,SPF","R"
"M0413_2554","","FIF,SPF","R"
"M0413_2556","","SPF","R"
"M0413_2560","RS4","","R"
"M0413_2562","RS4","","R"
"M0414_2558","","FIF,SPF","H"
"M0415_2557","","SPF","R"
"M0415_2561","","GG","R"
"M0415_2562","","","R"
"M0415_2563","","","H"
"M0417_2566","","","R"
"M0418_2555","","CPF","R"
"M0418_2556","","SPF","R"
"M0419_2556","","SPF","R"
"M0420_2556","","FIF,SPF","R"
"M0420_2565","","FED","X"
"M0421_2559","","SPF","R"
"M0421_2564","","","B"
"M0422_2553","","FIF","R"
"M0422_2559","","SPF","R"
"M0423_2555","","FIF,SPF","R"
"M0423_2561","RS4","","R"
"M0424_2555","","FIF,SPF","R"
"M0424_2561","RS4","","R"
"M0425_2559","","IND,LTF","R"
"M0425_2561","RS4","","R"
"M0426_2555","","SPF","R"
"M0426_2563","","","H"
"M0426_2565","","","B"
"M0427_2562","","","V"
"M0429_2553","","FIF,SPF","R"
"M0429_2557","","FED,SE","R"
"M0429_2558","","FIF,SPF","H"
"M0429_2560","RS4","","R"
"M0430_2558","","","R"
"M0430_2560","RS4","","R"
"M0430_2562","","","V"
"M0430_2566","","","R"
"M0431_2560","","FF","R"
"M0432_2559","","SPF","R"
"M0433_2558","","RMF","R"
"M0433_2559","","SPF","R"
"M0434_2562","","","V"
"M0436_2551","","FIF,SPF","R"
"M0436_2556","","CPF","R"
"M0437_2551","","FIF,SPF","R"
"M0437_2556","","FIF,SPF","R"
"M0437_2557","","CPF,SPF","R"
"M0437_2558","","FIF,SPF","H"
"M0437_2563","","","H"
"M0437_2564","","","B"
"M0438_2564","","","B"
"M0439_2557","","SPF","R"
"M0440_2557","","SPF","R"
"M0440_2561","","FF","R"
"M0440_2562","","","R"
"M0441_2555","","SPF","R"
"M0441_2557","","FIF,SPF","R"
"M0441_2559","","SPF","R"
"M0441_2562","","","R"
"M0442_2551","","FIF,SPF","R"
"M0442_2555","","FIF,SPF","R"
"M0442_2559","","SPF","R"
"M0442_2562","","","R"
"M0443_2551","","FIF,SPF","R"
"M0443_2555","","CPF","R"
"M0444_2555","","FIF,SPF","R"
"M0444_2560","RS4","","R"
"M0444_2561","","","A"
"M0445_2560","RS4","","R"
"M0445_2561","RS4","","R"
"M0445_2566","","","B"
"M0446_2560","RS4","","A"
"M0446_2561","RS4","","R"
"M0446_2563","","","H"
"M0447_2551","","FED","R"
"M0448_2550","","","R"
"M0448_2566","","FED","X"
"M0449_2554","","FIF,SNF,SPF","R"
"M0450_2552","","SPF","R"
"M0450_2560","RS4","","A"
"M0450_2566","","","R"
"M0451_2553","","FIF","R"
"M0451_2561","RS4","","R"
"M0451_2562","","","R"
"M0452_2561","RS4","","R"
"M0453_2557","","CPF,SPF","R"
"M0453_2562","","","R"
"M0454_2550","","FIF,SPF","R"
"M0454_2557","","SPF","R"
"M0455_2548","","",""
"M0455_2557","","FIF,SPF","H"
"M0455_2561","","FED","X"
"M0455_2564","","","B"
"M0456_2548","","",""
"M0456_2556","","SPF","R"
"M0456_2557","","FIF,SPF","R"
"M0456_2559","","SPF","R"
"M0456_2563","","","H"
"M0456_2564","","","B"
"M0457_2548","","",""
"M0457_2551","","FIF,SPF","R"
"M0457_2556","","CPF","R"
"M0457_2559","","SPF","R"
"M0458_2551","","FIF,SPF","R"
"M0458_2554","","SPF","R"
"M0458_2556","","SPF","R"
"M0458_2560","RS4","","R"
"M0458_2563","","","H"
"M0458_2566","","","B"
"M0459_2556","","SPF","R"
"M0459_2560","RS4","","R"
"M0459_2561","RS4","","R"
"M0460_2556","","FIF,SPF","R"
"M0460_2561","RS4","","R"
"M0460_2564","","","B"
"M0461_2555","","CPF","R"
"M0461_2564","","","B"
"M0462_2555","","SPF","R"
"M0462_2556","","FIF","R"
"M0463_2555","","FIF,SPF","R"
"M0463_2559","","LTF","R"
"M0465_2550","","FIF,SPF","R"
"M0465_2565","","","R"
"M0467_2555","","FIF,SPF","R"
"M0467_2559","","FED","R"
"M0468_2557","","SPF","R"
"M0468_2563","","FED,RMF","R"
"M0469_2557","","SPF","R"
"M0470_2557","","FIF,SPF","H"
"M0470_2558","","FIF,SPF","H"
"M0470_2563","","FED,RMF","R"
"M0472_2560","RS4","","R"
"M0473_2560","","","R"
"M0474_2560","","FED","H"
"M0474_2564","","","B"
"M0475_2556","","CPF","R"
"M0475_2559","","SPF","R"
"M0475_2564","","","B"
"M0475_2565","","","B"
"M0476_2556","","SPF","R"
"M0476_2563","","","H"
"M0477_2553","","FIF,SPF","R"
"M0477_2556","","SPF","R"
"M0477_2559","","SPF","R"
"M0477_2561","RS4","","R"
"M0478_2556","","SPF","R"
"M0478_2558","","FIF,SPF","H"
"M0478_2561","RS4","","R"
"M0479_2566","","","R"
"M0480_2564","","","B"
"M0481_2554","","SPF","R"
"M0481_2564","","","B"
"M0482_2554","","ETF,GF","R"
"M0482_2560","RS4","","R"
"M0482_2564","","","B"
"M0483_2551","","FIF,SPF","R"
"M0483_2552","","FIF","R"
"M0483_2560","RS4","","R"
"M0483_2564","","","B"
"M0483_2566","","","B"
"M0484_2550","","FIF,SPF","R"
"M0484_2552","","FIF","R"
"M0484_2561","RS4","","R"
"M0485_2550","","FIF,SPF","R"
"M0485_2552","","FIF","R"
"M0485_2561","RS4","","R"
"M0485_2562","","","R"
"M0486_2551","","FIF","R"
"M0486_2562","","","R"
"M0488_2550","","","R"
"M0488_2555","","CPF","R"
"M0488_2557","","SPF","R"
"M0488_2558","","FIF,SPF","H"
"M0489_2550","","FIF,SPF","R"
"M0489_2554","","FIF,SPF","R"
"M0489_2557","","FIF,SPF","H"
"M0490_2550","","","R"
"M0490_2555","","SPF","R"
"M0490_2556","","CPF","R"
"M0490_2564","","","B"
"M0491_2554","","SPF","R"
"M0491_2556","","SPF","R"
"M0491_2564","","","B"
"M0491_2565","","","B"
"M0492_2553","","FIF","R"
"M0492_2555","","FIF,SPF","R"
"M0492_2556","","SPF","R"
"M0492_2559","","SPF","R"
"M0492_2564","","","B"
"M0493_2556","","FIF,SPF","R"
"M0493_2559","","SPF","R"
"M0493_2564","","","B"
"M0494_2563","","","H"
"M0495_2561","RS4","","R"
"M0495_2562","","","R"
"M0496_2553","","FIF","R"
"M0496_2561","RS4","","R"
"M0496_2562","","","R"
"M0497_2560","RS4","","R"
"M0497_2561","RS4","","R"
"M0498_2560","RS4","","R"
"M0498_2563","","","H"
"M0500_2565","","","R"
"M0502_2566","","","R"
"M0503_2558","","FIF,SPF","H"
"M0503_2566","","","B"
"M0504_2552","","FIF","R"
"M0504_2561","RS4","","R"
"M0505_2552","","FIF","R"
"M0505_2558","","FED","R"
"M0505_2561","RS4","","R"
"M0506_2552","","FIF","R"
"M0506_2559","","SPF","R"
"M0507_2557","","SPF","R"
"M0508_2557","","SPF","R"
"M0508_2558","","FIF,SPF","H"
"M0509_2557","","FIF,SPF","H"
"M0510_2557","","FIF,SPF","H"
"M0510_2562","","","R"
"M0510_2563","","","H"
"M0511_2554","","SPF","R"
"M0511_2559","","LTF","R"
"M0511_2562","","","R"
"M0511_2565","","FED,SSF","R"
"M0512_2563","","FED,RMF","R"
"M0513_2550","","FIF,SPF","R"
"M0513_2554","","FIF,SPF","R"
"M0513_2555","","CPF","R"
"M0513_2560","RS4","","R"
"M0513_2561","RS4","","R"
"M0513_2566","","","R"
"M0514_2560","RS4","","R"
"M0514_2561","RS4","","R"
"M0514_2563","","","R"
"M0515_2563","","","R"
"M0516_2563","","","R"
"M0517_2555","","SPF","R"
"M0517_2563","","","R"
"M0518_2555","","FIF,SPF","R"
"M0518_2556","","CPF","R"
"M0519_2555","","FIF,SPF","R"
"M0519_2556","","SPF","R"
"M0519_2558","","FIF,SPF","H"
"M0519_2559","","SPF","R"
"M0519_2561","","GG","R"
"M0520_2556","","SPF","R"
"M0520_2559","","SPF","R"
"M0520_2561","RS4","","R"
"M0520_2566","","","B"
"M0521_2556","","SPF","R"
"M0521_2561","RS4","","R"
"M0521_2562","","FED","X"
"M0521_2565","","","B"
"M0522_2561","RS4","","R"
"M0523_2552","","FIF","R"
"M0523_2560","","","R"
"M0523_2563","","","H"
"M0524_2546","","",""
"M0524_2552","","FIF,SPF","R"
"M0524_2560","RS4","","R"
"M0525_2557","","FIF,SPF","H"
"M0526_2551","","FIF,SPF","R"
"M0526_2565","","","R"
"M0527_2551","","FIF,SPF","R"
"M0527_2556","","","R"
"M0527_2560","","RMF","R"
"M0527_2564","","FED","X"
"M0528_2551","","FIF,SPF","R"
"M0529_2563","","FF,RMF","R"
"M0530_2556","","FIF,SPF","H"
"M0530_2562","","","R"
"M0531_2556","","CPF","R"
"M0531_2564","","","B"
"M0531_2566","","","B"
"M0532_2563","","","H"
"M0532_2564","","","B"
"M0533_2556","","SPF","R"
"M0533_2559","","SPF","H"
"M0534_2556","","SPF","R"
"M0534_2559","","SPF","H"
"M0535_2555","","CPF","R"
"M0535_2556","","SPF","R"
"M0535_2561","RS4","","R"
"M0535_2565","","","B"
"M0536_2555","","FIF,SPF","R"
"M0536_2557","","SPF","R"
"M0536_2560","RS4","","R"
"M0536_2561","RS4","","R"
"M0537_2555","","SPF","R"
"M0537_2557","","SPF","R"
"M0537_2560","RS4","","R"
"M0537_2564","","","B"
"M0537_2566","","","R"
"M0538_2555","","FIF,SPF","R"
"M0538_2557","","FIF,SPF","H"
"M0539_2552","","FIF","R"
"M0539_2557","","FIF,SPF","H"
"M0540_2552","","FIF","R"
"M0542_2558","","FIF,SPF","H"
"M0542_2563","","","H"
"M0544_2546","","",""
"M0544_2556","","CPF","R"
"M0544_2566","","","B"
"M0545_2563","","CIV,FF,RMF","R"
"M0546_2560","RS4","","R"
"M0547_2560","RS4","","R"
"M0550_2562","","","R"
"M0551_2553","","FIF","R"
"M0551_2555","","CPF","R"
"M0551_2562","","","R"
"M0552_2555","","SPF","R"
"M0552_2557","","SPF","R"
"M0552_2560","RS4","","R"
"M0552_2565","","FED,RMF","R"
"M0553_2553","","FIF","R"
"M0553_2555","","FIF,SPF","R"
"M0553_2557","","FIF,SPF","H"
"M0553_2560","RS4","","R"
"M0554_2557","","SPF","R"
"M0555_2551","","","R"
"M0555_2555","","FIF,SPF","R"
"M0556_2559","","SPF","R"
"M0557_2559","","SPF","R"
"M0558_2553","","FIF","R"
"M0559_2562","","","R"
"M0559_2563","","","H"
"M0560_2562","","","R"
"M0561_2554","","SPF","R"
"M0561_2566","","","B"
"M0562_2554","","FIF,SPF","R"
"M0562_2556","","CPF","R"
"M0563_2556","","SPF","R"
"M0563_2565","","","R"
"M0564_2556","","SPF","R"
"M0565_2556","","SPF","R"
"M0565_2560","RS4","","R"
"M0566_2556","","SPF","R"
"M0566_2558","","FIF,SPF","H"
"M0566_2560","RS4","","R"
"M0567_2556","","SPF","R"
"M0567_2560","","","R"
"M0567_2563","","","H"
"M0568_2553","","FIF","R"
"M0569_2556","","SPF","R"
"M0570_2556","","SPF","R"
"M0571_2552","","","R"
"M0571_2553","","FIF","R"
"M0571_2556","","SPF","R"
"M0571_2562","","","R"
"M0572_2556","","SPF","R"
"M0572_2559","","SPF","R"
"M0572_2562","","","R"
"M0573_2556","","SPF","R"
"M0573_2557","","SPF","R"
"M0573_2566","","FF,RMF","R"
"M0574_2552","","","R"
"M0574_2553","","SPF","R"
"M0574_2557","","SPF","R"
"M0575_2552","","","R"
"M0575_2554","","FIF,SPF","R"
"M0575_2557","","FIF,SPF","H"
"M0575_2559","","SPF","R"
"M0575_2566","","","B"
"M0576_2557","","FIF,SPF","H"
"M0576_2560","RS4","","R"
"M0577_2553","","FIF","R"
"M0577_2554","","SPF","R"
"M0577_2555","","SPF","R"
"M0577_2560","RS4","","R"
"M0578_2553","","FIF","R"
"M0578_2555","","FIF,SPF","R"
"M0579_2552","","FED,SSF","R"
"M0579_2555","","FIF,SPF","R"
"M0579_2556","","CPF","R"
"M0579_2565","","","R"
"M0580_2556","","FIF,SPF","R"
"M0580_2565","","","R"
"M0580_2566","","FED,RMF","R"
"M0581_2557","","SPF","R"
"M0581_2562","","","R"
"M0582_2552","","FIF","R"
"M0582_2563","","","H"
"M0583_2552","","FIF","R"
"M0583_2553","","FIF","R"
"M0583_2562","","","R"
"M0584_2552","","FIF","R"
"M0584_2562","","","R"
"M0585_2552","","FIF","R"
"M0586_2559","","SPF","R"
"M0587_2552","","FIF,SPF","R"
"M0587_2558","","FIF,SPF","H"
"M0587_2559","","SPF","R"
"M0588_2560","","FED","R"
"M0589_2552","","FIF,SPF","R"
"M0589_2556","","CPF","R"
"M0590_2552","","FIF,SPF","R"
"M0592_2552","","FIF,SPF","R"
"M0592_2560","RS4","","R"
"M0593_2560","","","R"
"M0593_2562","","","R"
"M0593_2566","","","R"
"M0594_2562","","","R"
"M0595_2555","","CPF","R"
"M0595_2557","","FIF,SPF","H"
"M0596_2555","","SPF","R"
"M0596_2558","","FED","R"
"M0596_2562","","RMF","R"
"M0596_2566","","FF,RMF","R"
"M0597_2555","","SPF","R"
"M0597_2563","","","H"
"M0598_2552","","FIF,SPF","R"
"M0599_2555","","FIF,SPF","R"
"M0599_2566","","FED,RMF,SE","R"
"M0600_2557","","SPF","R"
"M0600_2559","","SPF","R"
"M0600_2563","","FED","X"
"M0601_2557","","SPF","R"
"M0601_2558","","FIF,SPF","H"
"M0601_2559","","SPF","R"
"M0601_2566","","","B"
"M0602_2550","","FIF,SPF","R"
"M0602_2557","","FIF,SPF","H"
"M0602_2560","RS81","","X"
"M0605_2550","","FIF,SPF","R"
"M0605_2551","","FIF,SPF","R"
"M0606_2560","RS4","","R"
"M0607_2556","","SPF","R"
"M0607_2560","RS4","","R"
"M0607_2562","","","R"
"M0608_2555","","CPF","R"
"M0608_2556","","CPF","R"
"M0608_2557","","FED,RMF","R"
"M0608_2563","","","R"
"M0609_2562","","","R"
"M0610_2563","","","R"
"M0611_2555","","SPF","R"
"M0611_2558","","FIF,SPF","H"
"M0611_2562","","","R"
"M0611_2565","","","B"
"M0612_2555","","SPF","R"
"M0613_2560","RS4","","R"
"M0614_2555","","FIF,SPF","R"
"M0614_2559","","SPF","R"
"M0615_2559","","SPF","R"
"M0615_2565","","","R"
"M0616_2553","","SPF","R"
"M0616_2556","","SPF","R"
"M0616_2562","","","R"
"M0617_2556","","SPF","R"
"M0617_2562","","","R"
"M0618_2556","","SPF","R"
"M0618_2563","","","H"
"M0618_2566","","","R"
"M0619_2556","","SPF","R"
"M0619_2560","RS4","","R"
"M0619_2566","","","B"
"M0620_2546","","","R"
"M0620_2559","","SPF","R"
"M0620_2565","","","B"
"M0621_2554","","FIF,SPF","R"
"M0621_2557","","FIF,SPF","H"
"M0621_2559","","SPF","R"
"M0622_2557","","FIF,SPF","H"
"M0622_2558","","FIF,SPF","H"
"M0622_2560","RS4","","R"
"M0623_2557","","SPF","R"
"M0624_2556","","FIF,SPF","R"
"M0624_2565","","","R"
"M0625_2556","","FIF,SPF","R"
"M0626_2556","","FIF,SPF","R"
"M0627_2556","","FIF,SPF","R"
"M0627_2557","","CPF,SPF","R"
"M0627_2562","","FED","H"
"M0628_2562","","","R"
"M0629_2554","","SPF","R"
"M0629_2562","","","R"
"M0631_2562","","FED","X"
"M0633_2556","","CPF","R"
"M0634_2558","","FIF,SPF","H"
"M0635_2560","RS4","","R"
"M0635_2562","","","R"
"M0635_2566","","","B"
"M0636_2562","","","R"
"M0638_2559","","SPF","R"
"M0638_2565","","","R"
"M0639_2558","","FED,SE","R"
"M0639_2559","","SPF","R"
"M0640_2552","","FIF","R"
"M0641_2546","","",""
"M0641_2552","","FIF","R"
"M0641_2556","","FIF,SPF","H"
"M0641_2560","RS4","","R"
"M0641_2565","","","B"
"M0642_2553","","FIF","R"
"M0643_2558","","FIF,SPF","R"
"M0643_2560","RS4","","R"
"M0644_2560","RS4","","R"
"M0645_2557","","SPF","R"
"M0645_2560","","","R"
"M0646_2552","","FIF","R"
"M0646_2557","","FIF,SPF","H"
"M0646_2560","RS4","","R"
"M0647_2553","","SPF","R"
"M0647_2557","","FIF,SPF","H"
"M0647_2559","","SPF","R"
"M0647_2562","","","R"
"M0648_2559","","SPF","R"
"M0648_2562","","","R"
"M0651_2558","","FIF,SPF","H"
"M0652_2555","","CPF","R"
"M0652_2566","","","B"
"M0653_2555","","SPF","R"
"M0653_2556","","CPF","R"
"M0653_2560","RS4","","R"
"M0654_2546","","",""
"M0654_2554","","SPF","R"
"M0654_2555","","SPF","R"
"M0655_2554","","FIF,SPF","R"
"M0655_2555","","FIF,SPF","R"
"M0657_2553","","FIF,SPF","R"
"M0657_2560","RS4","","R"
"M0659_2553","","FED","R"
"M0659_2562","","","R"
"M0660_2556","","SPF","R"
"M0660_2559","","SPF","R"
"M0660_2562","","","R"
"M0661_2553","","SPF","R"
"M0661_2557","","SPF","R"
"M0661_2559","","SPF","R"
"M0662_2555","","CPF","R"
"M0662_2557","","FIF,SPF","H"
"M0663_2555","","SPF","R"
"M0664_2557","","","R"
"M0665_2553","","FIF,SPF","R"
"M0665_2555","","SPF","R"
"M0665_2565","","","R"
"M0666_2552","","SPF","R"
"M0666_2558","","FIF,SPF","H"
"M0667_2552","","FIF","R"
"M0668_2552","","FIF","R"
"M0668_2558","","FED,IND","R"
"M0671_2552","","SPF","R"
"M0671_2559","","SPF","R"
"M0671_2562","","","R"
"M0672_2552","","FIF","R"
"M0672_2559","","SPF","R"
"M0672_2560","RS4","","R"
"M0673_2554","","CPF,FIF","R"
"M0673_2558","","FIF,SPF","R"
"M0673_2560","RS4","","R"
"M0674_2554","","SPF","R"
"M0674_2560","RS4","","R"
"M0675_2560","RS4","","R"
"M0675_2566","","","B"
"M0676_2553","","","R"
"M0676_2554","","CPF","R"
"M0676_2555","","CPF","R"
"M0676_2556","","CPF","R"
"M0677_2565","","","B"
"M0678_2555","","SPF","R"
"M0679_2553","","","R"
"M0679_2555","","SPF","R"
"M0679_2556","","SPF","R"
"M0679_2557","","FED,RMF","R"
"M0679_2559","","SPF","R"
"M0680_2555","","SPF","R"
"M0680_2556","","FIF,SPF","R"
"M0680_2559","","SPF","R"
"M0681_2557","","SPF","R"
"M0682_2553","","FIF,SPF","R"
"M0682_2557","","SPF","R"
"M0683_2557","","FIF,SPF","H"
"M0684_2556","","FIF,SPF","H"
"M0684_2562","","","R"
"M0685_2556","","FIF,SPF","H"
"M0685_2562","","","R"
"M0685_2566","","","R"
"M0686_2558","","FIF,SPF","H"
"M0687_2565","","","R"
"M0688_2562","","FED","R"
"M0689_2553","","SPF","R"
"M0689_2554","","SPF","R"
"M0691_2558","","FIF,SPF","R"
"M0692_2554","","FIF,SPF","R"
"M0693_2551","","SPF","R"
"M0693_2562","","","R"
"M0694_2562","","","R"
"M0695_2551","","SPF","R"
"M0695_2554","","CPF","R"
"M0695_2556","","FIF,SPF","N"
"M0695_2558","","FIF,SPF","H"
"M0695_2559","","SPF","R"
"M0696_2552","","FIF,SPF","R"
"M0696_2559","","SPF","R"
"M0697_2556","","CPF","R"
"M0699_2553","","FIF","R"
"M0699_2555","","CPF","R"
"M0699_2556","","FIF,SPF","H"
"M0700_2553","","","R"
"M0700_2555","","SPF","R"
"M0701_2554","","FIF,SNF,SPF","R"
"M0701_2555","","FIF,SPF","R"
"M0702_2552","","FIF","R"
"M0703_2552","","FIF","R"
"M0703_2559","","SPF","R"
"M0704_2557","","FIF,SPF","H"
"M0704_2559","","SPF","R"
"M0705_2548","","MM","R"
"M0705_2557","","FIF,SPF","H"
"M0706_2562","","","R"
"M0706_2565","","","B"
"M0707_2554","","FIF,SPF","R"
"M0707_2557","","SPF","R"
"M0707_2562","","","R"
"M0707_2566","","","R"
"M0709_2556","","FIF","R"
"M0710_2553","","FIF,SPF","R"
"M0710_2555","","SPF","R"
"M0710_2558","","FIF,SPF","H"
"M0711_2553","","SPF","R"
"M0711_2556","","CPF","R"
"M0712_2556","","FIF,SPF","R"
"M0713_2554","","CPF","R"
"M0714_2552","","FED,RMF","R"
"M0715_2566","","","R"
"M0718_2565","","","B"
"M0720_2554","","FIF,SPF","R"
"M0722_2551","","FIF,SPF","R"
"M0722_2558","","FIF,SPF","H"
"M0723_2555","","SPF","R"
"M0723_2566","","","R"
"M0725_2555","","SPF","R"
"M0725_2566","","","R"
"M0726_2555","","FIF,SPF","R"
"M0727_2555","","CPF","R"
"M0727_2562","","","R"
"M0727_2565","","","B"
"M0728_2557","","FIF,SPF","H"
"M0728_2562","","","R"
"M0729_2556","","FIF,SPF","H"
"M0729_2557","","SPF","R"
"M0730_2556","","CPF","R"
"M0731_2556","","FIF,SPF","R"
"M0731_2557","","FIF,SPF","H"
"M0732_2557","","FIF,SPF","H"
"M0732_2558","","FIF,SPF","R"
"M0732_2565","","","R"
"M0733_2551","","FIF,SPF","R"
"M0733_2562","","","R"
"M0734_2565","","","B"
"M0736_2554","","CPF","R"
"M0736_2557","","FIF","R"
"M0738_2553","","","R"
"M0738_2556","","IND,RMF","R"
"M0741_2550","","SPF","R"
"M0744_2556","","CPF","R"
"M0745_2556","","FIF,SPF","H"
"M0745_2565","","","R"
"M0746_2556","","SPF","R"
"M0747_2556","","FIF,SPF","R"
"M0748_2554","","CPF","R"
"M0748_2556","","FIF,SPF","R"
"M0748_2558","","FIF,SPF","R"
"M0748_2566","","","R"
"M0749_2553","","SPF","R"
"M0753_2555","","CPF","R"
"M0754_2557","","FIF,SPF","H"
"M0754_2558","","FIF,SPF","R"
"M0755_2555","","FIF,SPF","R"
"M0755_2557","","FIF,SPF","H"
"M0755_2566","","","R"
"M0756_2555","","SPF","R"
"M0756_2557","","CPF,SPF","R"
"M0757_2555","","FIF,SPF","R"
"M0757_2556","","FIF,SPF","H"
"M0757_2557","","FIF,SPF","H"
"M0758_2553","","FIF","R"
"M0758_2556","","FIF,SPF","H"
"M0758_2557","","FIF,SPF","H"
"M0759_2556","","FIF,SPF","H"
"M0759_2557","","SPF","R"
"M0760_2554","","CPF,FIF","R"
"M0760_2556","","FIF,SPF","H"
"M0760_2558","","FIF,SPF","H"
"M0762_2546","","",""
"M0762_2554","","CPF","R"
"M0764_2553","","SPF","R"
"M0764_2566","","","R"
"M0767_2558","","FIF,SPF","H"
"M0767_2565","","FED,SE","R"
"M0768_2556","","CPF","R"
"M0769_2556","","SPF","R"
"M0770_2554","","FIF,SPF","R"
"M0770_2556","","FIF,SPF","R"
"M0771_2556","","FIF,SPF","R"
"M0773_2546","","",""
"M0774_2555","","FIF,SPF","R"
"M0774_2558","","FIF,SPF","H"
"M0775_2555","","FIF,SPF","R"
"M0776_2557","","FIF,SPF","H"
"M0777_2557","","SPF","R"
"M0777_2565","","","R"
"M0778_2546","","",""
"M0778_2555","","CPF","R"
"M0778_2557","","FIF,SPF","H"
"M0779_2554","","CPF,FIF","R"
"M0779_2555","","FIF,SPF","R"
"M0780_2556","","SPF","R"
"M0781_2554","","CPF","R"
"M0788_2548","","",""
"M0788_2553","","SPF","R"
"M0791_2554","","FIF,SPF","R"
"M0792_2556","","CPF","R"
"M0793_2556","","SPF","R"
"M0794_2556","","FIF,SPF","R"
"M0794_2566","","","R"
"M0796_2554","","CPF","R"
"M0796_2566","","","R"
"M0797_2554","","CPF","R"
"M0798_2555","","CPF","R"
"M0798_2557","","FED","R"
"M0799_2555","","FIF,SPF","R"
"M0799_2556","","CPF","R"
"M0799_2566","","IND,TESG","R"
"M0800_2555","","FIF,SPF","R"
"M0800_2556","","SPF","R"
"M0801_2556","","FIF,SPF","R"
"M0802_2553","","SPF","R"
"M0802_2556","","FIF,SPF","R"
"M0811_2557","","SPF","R"
"M0812_2554","","SPF","R"
"M0812_2557","","FIF,SPF","H"
"M0813_2554","","CPF,FIF","R"
"M0816_2556","","CPF","R"
"M0817_2556","","SPF","R"
"M0818_2556","","FIF,SPF","R"
"M0819_2553","","SPF","R"
"M0819_2556","","FIF,SPF","R"
"M0820_2555","","SPF","R"
"M0821_2555","","FIF,SPF","R"
"M0822_2555","","CPF","R"
"M0823_2554","","SPF","R"
"M0824_2566","","","R"
"M0825_2555","","FIF,GF","R"
"M0826_2554","","CPF","R"
"M0830_2553","","SPF","R"
"M0832_2548","","",""
"M0832_2557","","SPF","R"
"M0833_2555","","CPF","R"
"M0833_2557","","FIF,SPF","H"
"M0834_2555","","SPF","R"
"M0835_2555","","FIF,SPF","R"
"M0836_2557","","FIF,SPF","H"
"M0837_2553","","SPF","R"
"M0837_2557","","FIF,SPF","H"
"M0839_2554","","SPF","R"
"M0841_2553","","SPF","R"
"M0842_2554","","CPF","R"
"M0844_2556","","CPF","R"
"M0845_2556","","SPF","R"
"M0846_2556","","FIF,SPF","R"
"M0847_2556","","FIF,SPF","R"
"M0848_2556","","FIF,SPF","H"
"M0850_2555","","CPF","R"
"M0851_2554","","CPF","R"
"M0851_2555","","SPF","R"
"M0854_2547","","",""
"M0854_2557","","SPF","R"
"M0855_2547","","",""
"M0855_2557","","FIF,SPF","H"
"M0856_2557","","FIF,SPF","H"
"M0859_2553","","FIF","R"
"M0860_2554","","FIF,SPF","R"
"M0861_2553","","FED,RMF","R"
"M0861_2554","","CPF","R"
"M0861_2556","","CPF","R"
"M0862_2556","","SPF","R"
"M0863_2556","","FIF,SPF","R"
"M0864_2556","","FIF,SPF","H"
"M0865_2556","","FIF,SPF","R"
"M0866_2548","","",""
"M0867_2548","","LTF","R"
"M0867_2566","","","R"
"M0869_2555","","FIF,SPF","R"
"M0871_2554","","CPF","R"
"M0872_2555","","FIF,SPF","R"
"M0873_2554","","SPF","R"
"M0875_2555","","FIF,SPF","R"
"M0875_2566","","","R"
"M0876_2553","","FIF","R"
"M0876_2555","","CPF","R"
"M0877_2553","","SPF","R"
"M0877_2555","","SPF","R"
"M0877_2556","","CPF","R"
"M0878_2556","","SPF","R"
"M0879_2556","","FIF,SPF","R"
"M0880_2548","","",""
"M0881_2548","","",""
"M0882_2556","","FIF,SPF","R"
"M0883_2554","","CPF","R"
"M0884_2547","","","R"
"M0886_2554","","SPF","R"
"M0891_2553","","SPF","R"
"M0892_2566","","","R"
"M0895_2548","RS4","","N"
"M0898_2554","","GF,SPF","R"
"M0900_2554","","CPF","R"
"M0901_2555","","CPF","R"
"M0902_2555","","SPF","R"
"M0903_2555","","FIF,SPF","R"
"M0904_2553","","","R"
"M0904_2554","","FIF,SPF","R"
"M0904_2555","","FIF,SPF","R"
"M0904_2556","","FIF,SPF","R"
"M0905_2556","","SPF","R"
"M0912_2555","","CPF","R"
"M0913_2555","","SPF","R"
"M0914_2555","","FIF,SPF","R"
"M0918_2553","","SPF","R"
"M0920_2553","","","R"
"M0920_2554","","CPF","R"
"M0922_2554","","FIF,SPF","R"
"M0929_2554","","SPF","R"
"M0929_2555","","SPF","R"
"M0929_2566","","","R"
"M0930_2554","","CPF","R"
"M0930_2555","","FIF,SPF","R"
"M0930_2566","","","R"
"M0931_2555","","CPF","R"
"M0931_2566","","","R"
"M0934_2553","","SPF","R"
"M0934_2556","","CPF","R"
"M0935_2556","","SPF","R"
"M0936_2547","RS4","","N"
"M0936_2556","","FIF,SPF","R"
"M0937_2556","","FIF,SPF","R"
"M0939_2555","","FIF,SPF","R"
"M0940_2555","","FIF,SPF","R"
"M0941_2555","","FIF,SPF","R"
"M0949_2554","","SPF","R"
"M0950_2554","","SPF","R"
"M0951_2554","","CPF","R"
"M0956_2554","","FIF,SPF","R"
"M0958_2553","","SPF","R"
"M0959_2555","","CPF","R"
"M0960_2547","","",""
"M0960_2555","","SPF","R"
"M0961_2555","","SPF","R"
"M0963_2547","","",""
"M0964_2556","","CPF","R"
"M0965_2556","","SPF","R"
"M0966_2553","","","R"
"M0966_2556","","FIF,SPF","R"
"M0967_2553","","","R"
"M0969_2554","","FIF,SPF","R"
"M0971_2555","","FIF,SPF","R"
"M0972_2554","","CPF","R"
"M0972_2555","","FIF,SPF","R"
"M0973_2555","","FIF,SPF","R"
"M0974_2555","","CPF","R"
"M0975_2553","","SPF","R"
"M0981_2556","","SPF","R"
"M0982_2554","","CPF","R"
"M0986_2556","","FIF,SNF,SPF","H"
"M0987_2556","","FIF,SPF","H"
"M0988_2553","","","R"
"M0988_2554","","SPF","R"
"M0988_2556","","SPF","R"
"M0990_2555","","CPF","R"
"M0991_2555","","FIF,SPF","R"
"M0992_2555","","SPF","R"
"M0993_2555","","SPF","R"
"M0996_2553","","SPF","R"
"M0999_2555","","CPF","R"
"M1000_2555","","SPF","R"
"M1001_2555","","SPF","R"
"M1006_2555","","CPF","R"
"M1007_2555","","SPF","R"
"M1008_2555","","FIF,SPF","R"
"M1026_2553","","","R"
"M1038_2553","","","R"
"M1041_2553","","SPF","R"
"M1072_2557","","SPF","R"
"M1073_2557","","FIF,SPF","H"
"M1092_2557","","FIF,SPF","H"
"M1093_2557","","SPF","R"
"M1109_2557","","FIF,SPF","H"
"M1110_2557","","FIF,SPF","H"
"M1111_2557","","SPF","R"
"M1132_2557","","SPF","R"
"M1133_2557","","FIF,SPF","H"
"M1134_2557","","SPF","H"
"M1144_2557","","SPF","R"
"M1145_2557","","SPF","H"
"M1146_2557","","FIF,SPF","H"
"M1163_2557","","SPF","H"
"M1164_2557","","SPF","R"
"M1165_2557","","SPF","H"
"M1168_2557","","FED","R"
"M1185_2557","","SPF","H"
"M1186_2557","","SPF","H"
"M1188_2557","","SPF","R"
"M1197_2557","","SPF","H"
"M1198_2557","","SPF","R"
"M1209_2557","","SPF","R"
"M1211_2557","","SPF","H"
"M1212_2557","","SPF","H"
"M1224_2557","","SPF","R"
"M1225_2557","","SPF","H"
"M1226_2557","","SPF","H"
"M1227_2557","","FIF,SPF","H"
"M1240_2557","","SPF","H"
"M1248_2557","","FIF,SPF","H"
"M1261_2557","","FED,IND","R"
"M1262_2557","","SPF","R"
"M1263_2557","","SPF","H"
